Model,Accuracy,Precision,Recall,F1-Score,AUC
LogisticRegression,0.7282142857142857,0.7453703703703703,0.6914817465998568,0.7174155217229855,0.7821872651456052
GradientBoosting,0.7482142857142857,0.7682170542635659,0.7093772369362921,0.737625604763677,0.8108828050741049
